<?xml version="1.0" ?>
<manifest identifier="bu4G_unKK3XW2IIzOiDHG-bxniCCm2hHvm6N4b_i" version="1"
  xmlns="http://www.imsproject.org/xsd/imscp_rootv1p1p2"
  xmlns:adlcp="http://www.adlnet.org/xsd/adlcp_rootv1p2"
  xmlns:xsi="http://www.w3.org/2001/XMLSchema-instance"
  xsi:schemaLocation="http://www.imsproject.org/xsd/imscp_rootv1p1p2 imscp_rootv1p1p2.xsd
                      http://www.imsglobal.org/xsd/imsmd_rootv1p2p1 imsmd_rootv1p2p1.xsd
                      http://www.adlnet.org/xsd/adlcp_rootv1p2 adlcp_rootv1p2.xsd">
  <metadata>
    <schema>ADL SCORM</schema>
    <schemaversion>1.2</schemaversion>
    <adlcp:location>metadata.xml</adlcp:location>
  </metadata>
  <organizations default="articulate_rise">
      <organization identifier="articulate_rise">
      <title>The Close</title>
      <item identifier="i1" identifierref="r1" isvisible="true">
        <title>The Close</title>
        <adlcp:datafromlms>eyJjcHYiOiJ2bTZONGJfaSJ9</adlcp:datafromlms>
      </item>
    </organization>
  </organizations>
  <resources>
    <resource identifier="r1" type="webcontent" adlcp:scormtype="sco" href="scormdriver/indexAPI.html">
      <!-- SCORMDRIVER STUFF -->
      <file href="scormdriver/indexAPI.html" />
      <file href="scormdriver/preloadIntegrity.js" />
      <file href="scormdriver/driverOptions.js" />
      <file href="scormdriver/AICCComm.html" />
      <file href="scormdriver/auto-scripts/AutoBookmark.js" />
      <file href="scormdriver/auto-scripts/AutoCompleteSCO.js" />
      <file href="scormdriver/auto-scripts/CourseExit.js" />
      <file href="scormdriver/blank.html" />
      <file href="scormdriver/goodbye.html" />
      <file href="scormdriver/scormdriver.js" />
      <file href="scormdriver/browsersniff.js" />

      <!-- RUNTIME COMMON STUFF -->
      <file href="scormcontent/index.html" />
      <file href="scormcontent/lib/main.bundle.js"/>

      
        <file href="scormcontent/lib/fonts/icomoon.ttf"/>
        <file href="scormcontent/lib/fonts/icomoon.woff"/>

        <file href="scormcontent/lib/icomoon.css"/>
        <file href="scormcontent/lib/main.bundle.css"/>
        <file href="scormcontent/lib/player-0.0.11.min.js"/>
        <file href="scormcontent/lib/lzwcompress.js"/>
      

      <!-- RUNTIME CONTENT STUFF -->
      <file href="scormcontent/lib/fonts/ljy1M8UCk6-xq3lB-NHaasGroteskTXPro-75Bd.woff" />
<file href="scormcontent/lib/fonts/6uY1gv0G_GCkTxyj-NHaasGroteskTXPro-55Rg.woff" />
<file href="scormcontent/lib/fonts/Lato-Black.woff" />
<file href="scormcontent/lib/fonts/Lato-Italic.woff" />
<file href="scormcontent/lib/fonts/Lato-Bold.woff" />
<file href="scormcontent/lib/fonts/Lato-Regular.woff" />
<file href="scormcontent/lib/fonts/Lato-Light.woff" />
<file href="scormcontent/assets/aBPRCMGSZl1BawJD_small.png" />
<file href="scormcontent/assets/NBAbFtZqG2NPQZQ__BjBggr2DxyGhmj_k.png" />
<file href="scormcontent/assets/mksAo81H6SC_Hi6F_wyPpQHyE1C5L7tFB.jpg" />
<file href="scormcontent/assets/O7pceysKDxo8gKHe_OU3zxyEFSsAJ0cxq.png" />
<file href="scormcontent/assets/nizIYW6l1b_Us7-t_goOlgQqFQhFc7mqb.jpg" />
<file href="scormcontent/assets/rgodwyU03cIvImy3_uIbK6hI6tSa-NlMq.jpg" />
<file href="scormcontent/assets/8zt6sOugDdnoC25y_1vg0KNIm5Fin8Fuh.jpg" />
<file href="scormcontent/assets/72YMA9Q7Bj5qoAIJ_mountains.jpg" />
<file href="scormcontent/assets/PR7d8mtBP7__nzte_qWpuAZ_DgHBj3hJP.jpg" />

    </resource>
  </resources>
</manifest>
